booking_id,username,date,time,training,staff,status
B0001,user,2026-03-30,10,Yoga,staff,COMPLETED
B0002,user,2026-03-30,10,Yoga,staff,COMPLETED
B0003,user,2026-03-30,10,Yoga,staff,COMPLETED
B0004,user,2026-03-30,10,Yoga,staff,COMPLETED
B0005,user,2026-03-30,10,Yoga,staff,COMPLETED
B0006,user,2026-03-30,10,Yoga,staff,COMPLETED
B0007,user,2026-03-30,10,Yoga,staff,COMPLETED
B0008,user,2026-03-30,10,Yoga,staff,COMPLETED
B0009,user,2026-03-30,10,Yoga,staff,COMPLETED
B0010,user,2026-03-30,10,Yoga,staff,COMPLETED
B0011,user,2026-03-30,10,HIIT,staff,COMPLETED
B0012,user,2026-03-30,10,HIIT,staff,COMPLETED
B0013,user,2026-03-30,10,HIIT,staff,COMPLETED
B0014,user,2026-03-30,10,HIIT,staff,COMPLETED
B0015,user,2026-03-30,10,HIIT,staff,COMPLETED
B0016,user,2026-03-30,10,HIIT,staff,COMPLETED
B0017,user,2026-03-30,10,HIIT,staff,COMPLETED
B0018,user,2026-03-30,10,HIIT,staff,COMPLETED
B0019,user,2026-03-30,10,HIIT,staff,COMPLETED
B0020,user,2026-03-30,10,HIIT,staff,COMPLETED
B0021,user,2026-03-30,10,Chest,staff,COMPLETED
B0022,user,2026-03-30,10,Chest,staff,COMPLETED
B0023,user,2026-03-30,10,Chest,staff,COMPLETED
B0024,user,2026-03-30,10,Chest,staff,COMPLETED
B0025,user,2026-03-30,10,Chest,staff,COMPLETED
B0026,user,2026-03-30,10,Chest,staff,COMPLETED
B0027,user,2026-03-30,10,Chest,staff,COMPLETED
B0028,user,2026-03-30,10,Chest,staff,COMPLETED
B0029,user,2026-03-30,10,Chest,staff,COMPLETED
B0030,user,2026-03-30,10,Chest,staff,COMPLETED
B0031,user,2026-03-30,10,Arm,staff,COMPLETED
B0032,user,2026-03-30,10,Arm,staff,COMPLETED
B0033,user,2026-03-30,10,Arm,staff,COMPLETED
B0034,user,2026-03-30,10,Arm,staff,COMPLETED
B0035,user,2026-03-30,10,Arm,staff,COMPLETED
B0036,user,2026-03-30,10,Arm,staff,COMPLETED
B0037,user,2026-03-30,10,Arm,staff,COMPLETED
B0038,user,2026-03-30,10,Arm,staff,COMPLETED
B0039,user,2026-03-30,10,Arm,staff,COMPLETED
B0040,user,2026-03-30,10,Arm,staff,COMPLETED
B0041,user,2026-03-30,10,Leg,staff,COMPLETED
B0042,user,2026-03-30,10,Leg,staff,COMPLETED
B0043,user,2026-03-30,10,Leg,staff,COMPLETED
B0044,user,2026-03-30,10,Leg,staff,COMPLETED
B0045,user,2026-03-30,10,Leg,staff,COMPLETED
B0046,user,2026-03-30,10,Leg,staff,COMPLETED
B0047,user,2026-03-30,10,Leg,staff,COMPLETED
B0048,user,2026-03-30,10,Leg,staff,COMPLETED
B0049,user,2026-03-30,10,Leg,staff,COMPLETED
B0050,user,2026-03-30,10,Leg,staff,COMPLETED
B0051,user,2026-03-30,10,Bicep,staff,COMPLETED
B0052,user,2026-03-30,10,Bicep,staff,COMPLETED
B0053,user,2026-03-30,10,Bicep,staff,COMPLETED
B0054,user,2026-03-30,10,Bicep,staff,COMPLETED
B0055,user,2026-03-30,10,Bicep,staff,COMPLETED
B0056,user,2026-03-30,10,Bicep,staff,COMPLETED
B0057,user,2026-03-30,10,Bicep,staff,COMPLETED
B0058,user,2026-03-30,10,Bicep,staff,COMPLETED
B0059,user,2026-03-30,10,Bicep,staff,COMPLETED
B0060,user,2026-03-30,10,Bicep,staff,COMPLETED
B0061,user,2026-03-30,10,Tricep,staff,COMPLETED
B0062,user,2026-03-30,10,Tricep,staff,COMPLETED
B0063,user,2026-03-30,10,Tricep,staff,COMPLETED
B0064,user,2026-03-30,10,Tricep,staff,COMPLETED
B0065,user,2026-03-30,10,Tricep,staff,COMPLETED
B0066,user,2026-03-30,10,Tricep,staff,COMPLETED
B0067,user,2026-03-30,10,Tricep,staff,COMPLETED
B0068,user,2026-03-30,10,Tricep,staff,COMPLETED
B0069,user,2026-03-30,10,Tricep,staff,COMPLETED
B0070,user,2026-03-30,10,Tricep,staff,COMPLETED
B0071,user,2026-03-30,10,Abs,staff,COMPLETED
B0072,user,2026-03-30,10,Abs,staff,COMPLETED
B0073,user,2026-03-30,10,Abs,staff,COMPLETED
B0074,user,2026-03-30,10,Abs,staff,COMPLETED
B0075,user,2026-03-30,10,Abs,staff,COMPLETED
B0076,user,2026-03-30,10,Abs,staff,COMPLETED
B0077,user,2026-03-30,10,Abs,staff,COMPLETED
B0078,user,2026-03-30,10,Abs,staff,COMPLETED
B0079,user,2026-03-30,10,Abs,staff,COMPLETED
B0080,user,2026-03-30,10,Abs,staff,COMPLETED
B0081,user,2026-03-30,10,Back,staff,COMPLETED
B0082,user,2026-03-30,10,Back,staff,COMPLETED
B0083,user,2026-03-30,10,Back,staff,COMPLETED
B0084,user,2026-03-30,10,Back,staff,COMPLETED
B0085,user,2026-03-30,10,Back,staff,COMPLETED
B0086,user,2026-03-30,10,Back,staff,COMPLETED
B0087,user,2026-03-30,10,Back,staff,COMPLETED
B0088,user,2026-03-30,10,Back,staff,COMPLETED
B0089,user,2026-03-30,10,Back,staff,COMPLETED
B0090,user,2026-03-30,10,Back,staff,BOOKED
B0091,kzz,2026-02-02,10,Yoga,TR001,BOOKED
B0092,mw,2026-06-21,10,Yoga,TR001,BOOKED
B0093,mw,2026-02-22,10,Yoga,Amogus,BOOKED
